-- phpMyAdmin SQL Dump
-- version 5.2.3
-- https://www.phpmyadmin.net/
--
-- Host: mysql:3306
-- Generation Time: Feb 03, 2026 at 02:34 PM
-- Server version: 8.0.45
-- PHP Version: 8.3.26

SET SQL_MODE = "NO_AUTO_VALUE_ON_ZERO";
START TRANSACTION;
SET time_zone = "+00:00";


/*!40101 SET @OLD_CHARACTER_SET_CLIENT=@@CHARACTER_SET_CLIENT */;
/*!40101 SET @OLD_CHARACTER_SET_RESULTS=@@CHARACTER_SET_RESULTS */;
/*!40101 SET @OLD_COLLATION_CONNECTION=@@COLLATION_CONNECTION */;
/*!40101 SET NAMES utf8mb4 */;

--
-- Database: `bizflow_sales_db`
--

-- --------------------------------------------------------

--
-- Table structure for table `orders`
--

CREATE TABLE `orders` (
  `id` bigint NOT NULL,
  `created_at` datetime(6) DEFAULT NULL,
  `total_amount` double DEFAULT NULL,
  `customer_id` bigint DEFAULT NULL,
  `user_id` bigint DEFAULT NULL,
  `invoice_number` varchar(30) DEFAULT NULL,
  `is_return` bit(1) DEFAULT NULL,
  `status` varchar(30) DEFAULT NULL,
  `order_type` varchar(20) DEFAULT NULL,
  `refund_method` varchar(50) DEFAULT NULL,
  `return_note` varchar(255) DEFAULT NULL,
  `return_reason` varchar(255) DEFAULT NULL,
  `parent_order_id` bigint DEFAULT NULL,
  `note` varchar(255) DEFAULT NULL,
  `customer_name` varchar(255) DEFAULT NULL
) ENGINE=InnoDB DEFAULT CHARSET=utf8mb4 COLLATE=utf8mb4_0900_ai_ci;

--
-- Dumping data for table `orders`
--

INSERT INTO `orders` (`id`, `created_at`, `total_amount`, `customer_id`, `user_id`, `invoice_number`, `is_return`, `status`, `order_type`, `refund_method`, `return_note`, `return_reason`, `parent_order_id`, `note`, `customer_name`) VALUES
(1, '2026-01-02 09:16:42.670400', 550000, NULL, 4, NULL, NULL, NULL, NULL, NULL, NULL, NULL, NULL, NULL, NULL),
(2, '2026-01-02 09:19:05.594577', 320000, NULL, 4, NULL, NULL, NULL, NULL, NULL, NULL, NULL, NULL, NULL, NULL),
(3, '2026-01-02 14:55:51.508733', 2250000, 1, 4, NULL, NULL, NULL, NULL, NULL, NULL, NULL, NULL, NULL, NULL),
(4, '2026-01-02 14:56:25.545823', 1500000, 1, 4, NULL, NULL, NULL, NULL, NULL, NULL, NULL, NULL, NULL, NULL),
(5, '2026-01-07 15:19:34.479580', 45000, 1, 4, NULL, NULL, NULL, NULL, NULL, NULL, NULL, NULL, NULL, NULL),
(6, '2026-01-08 22:39:05.199402', 2250000, 1, 4, 'TC-26010800001TH', b'1', 'RETURNED', 'RETURN', 'TRANSFER', 'kh?ng li?n l?c ???c cho kh?ch ', 'kh?ng li?n l?c ???c cho kh?ch ', 3, NULL, NULL),
(7, '2026-01-11 22:12:48.265553', 10000, 7, 3, 'TC-260108001', b'0', 'PAID', NULL, NULL, NULL, NULL, NULL, NULL, NULL),
(8, '2026-01-11 22:12:48.371989', 10000, 7, 3, 'TC-260108002', b'0', 'UNPAID', NULL, NULL, NULL, NULL, NULL, NULL, NULL),
(9, '2026-01-11 22:29:34.634640', 10000, 8, 3, 'TC-260108003', b'0', 'PAID', NULL, NULL, NULL, NULL, NULL, NULL, NULL),
(10, '2026-01-11 22:29:34.702989', 10000, 8, 3, 'TC-260108004', b'0', 'UNPAID', NULL, NULL, NULL, NULL, NULL, NULL, NULL),
(11, '2026-01-11 23:07:46.008079', 32000, 10, 3, 'TC-260108005', b'0', 'PAID', NULL, NULL, NULL, NULL, NULL, NULL, NULL),
(12, '2026-01-11 23:07:46.317056', 10000, 10, 3, 'TC-260108006TH', b'1', 'RETURNED', 'RETURN', 'CASH', 'Test return note', 'Test return', 11, 'Test return note', NULL),
(13, '2026-01-11 23:07:46.347180', 2000, 10, 3, 'TC-260108007?H', b'0', 'PAID', 'EXCHANGE', NULL, NULL, NULL, 11, NULL, NULL),
(14, '2026-01-13 22:08:30.090476', 45000, 2, 4, 'SALE-20260113-0001', b'0', 'PAID', NULL, NULL, NULL, NULL, NULL, NULL, NULL),
(15, '2026-01-13 22:45:02.119240', 55000, 5, 4, 'TC-260100001', b'0', 'UNPAID', NULL, NULL, NULL, NULL, NULL, NULL, NULL),
(17, '2026-01-14 00:36:49.836673', 45000, 5, 4, 'TC-260100002', b'0', 'UNPAID', NULL, NULL, NULL, NULL, NULL, NULL, NULL),
(18, '2026-01-14 00:53:14.748040', 45000, NULL, 4, 'TC-260100003', b'0', 'PAID', NULL, NULL, NULL, NULL, NULL, NULL, NULL),
(19, '2026-01-14 00:54:25.378622', 50000, NULL, 4, 'TC-260100004', b'0', 'PAID', NULL, NULL, NULL, NULL, NULL, NULL, NULL),
(20, '2026-01-14 00:55:10.098462', 30000, NULL, 4, 'TC-260100005', b'0', 'PAID', NULL, NULL, NULL, NULL, NULL, NULL, NULL),
(21, '2026-01-14 00:58:57.110283', 45000, NULL, 4, 'TC-260100006', b'0', 'PAID', NULL, NULL, NULL, NULL, NULL, NULL, NULL),
(22, '2026-01-14 00:59:07.714321', 45000, NULL, 4, 'TC-260100007', b'0', 'PAID', NULL, NULL, NULL, NULL, NULL, NULL, NULL),
(23, '2026-01-14 01:06:37.363011', 45000, 2, 4, 'TC-260100008', b'0', 'PAID', NULL, NULL, NULL, NULL, NULL, NULL, NULL),
(24, '2026-01-14 01:12:21.965280', 55000, 6, 4, 'TC-260100009', b'0', 'PAID', NULL, NULL, NULL, NULL, NULL, NULL, NULL),
(25, '2026-01-14 01:23:16.212815', 45000, 6, 4, 'TC-260100010', b'0', 'PAID', NULL, NULL, NULL, NULL, NULL, NULL, NULL),
(26, '2026-01-14 01:26:59.749152', 53000, 6, 4, 'TC-260100011', b'0', 'PAID', NULL, NULL, NULL, NULL, NULL, NULL, NULL),
(27, '2026-01-14 01:30:05.595484', 45000, 6, 4, 'TC-260100012', b'0', 'PAID', NULL, NULL, NULL, NULL, NULL, NULL, NULL),
(28, '2026-01-14 01:43:11.976187', 45000, 6, 4, 'TC-260100013', b'0', 'PAID', NULL, NULL, NULL, NULL, NULL, NULL, NULL),
(29, '2026-01-14 15:13:06.242928', 70000, 6, 4, 'TC-260100014', b'0', 'UNPAID', NULL, NULL, NULL, NULL, NULL, NULL, NULL),
(30, '2026-01-14 15:13:14.978350', 70000, NULL, 4, 'TC-260100015', b'0', 'PAID', NULL, NULL, NULL, NULL, NULL, NULL, NULL),
(31, '2026-01-14 15:22:50.073880', 31000, NULL, 4, 'TC-260100016', b'0', 'PAID', NULL, NULL, NULL, NULL, NULL, NULL, NULL),
(32, '2026-01-15 23:21:46.673560', 201880, 2, 4, 'TC-260100017', b'0', 'PAID', NULL, NULL, NULL, NULL, NULL, NULL, NULL),
(33, '2026-01-15 23:30:26.198147', 1598400, 2, 4, 'TC-260100018', b'0', 'PAID', NULL, NULL, NULL, NULL, NULL, NULL, NULL),
(34, '2026-01-15 23:32:14.067649', 4475520, NULL, 4, 'TC-260100019', b'0', 'PAID', NULL, NULL, NULL, NULL, NULL, NULL, NULL),
(35, '2026-01-15 23:39:21.363061', 5600000, 2, 4, 'TC-260100020', b'0', 'PAID', NULL, NULL, NULL, NULL, NULL, NULL, NULL),
(36, '2026-01-21 16:39:44.602375', 44000, 1, 4, 'TC-260100021', b'0', 'PAID', NULL, NULL, NULL, NULL, NULL, NULL, NULL),
(37, '2026-01-21 16:52:32.348051', 29970, 2, 4, 'TC-260100022', b'0', 'PAID', NULL, NULL, NULL, NULL, NULL, NULL, NULL),
(38, '2026-01-25 01:40:19.604697', 75000, 5, 3, 'TC-260100023', b'0', 'PAID', NULL, NULL, NULL, NULL, NULL, NULL, NULL),
(39, '2026-01-25 01:42:09.425632', 795000, 5, 3, 'TC-260100024', b'0', 'PAID', NULL, NULL, NULL, NULL, NULL, NULL, NULL),
(40, '2026-01-25 21:17:21.171313', 48000, NULL, 3, 'TC-260100025', b'0', 'PAID', NULL, NULL, NULL, NULL, NULL, NULL, NULL),
(41, '2026-01-25 21:34:39.340421', 32000, NULL, 3, 'TC-260100026', b'0', 'PAID', NULL, NULL, NULL, NULL, NULL, NULL, NULL),
(42, '2026-01-25 21:40:32.389743', 175000, NULL, 3, 'TC-260100027', b'0', 'PAID', NULL, NULL, NULL, NULL, NULL, NULL, NULL),
(43, '2026-01-25 23:08:12.913010', 0, NULL, 3, 'TC-260100028', b'0', 'PAID', NULL, NULL, NULL, NULL, NULL, NULL, NULL),
(45, '2026-01-25 23:09:53.819633', 0, NULL, 3, 'TC-260100029', b'0', 'PAID', NULL, NULL, NULL, NULL, NULL, NULL, NULL),
(46, '2026-01-25 23:10:15.404137', 20000, NULL, 3, 'TC-260100030', b'0', 'PAID', NULL, NULL, NULL, NULL, NULL, NULL, NULL),
(47, '2026-01-27 15:57:44.566919', 43000, NULL, 3, 'TC-260100031', b'0', 'PAID', NULL, NULL, NULL, NULL, NULL, NULL, NULL),
(53, '2026-01-27 15:57:56.110364', 24000, NULL, 3, 'TC-260100032', b'0', 'PAID', NULL, NULL, NULL, NULL, NULL, NULL, NULL),
(54, '2026-01-27 16:34:24.474956', 32000, NULL, 3, 'TC-260100033', b'0', 'PAID', NULL, NULL, NULL, NULL, NULL, NULL, NULL),
(56, '2026-01-27 16:49:38.449777', 32000, NULL, 3, 'TC-260100034', b'0', 'PAID', NULL, NULL, NULL, NULL, NULL, NULL, NULL),
(57, '2026-01-27 16:50:03.192378', 24000, NULL, 3, 'TC-260100035', b'0', 'PAID', NULL, NULL, NULL, NULL, NULL, NULL, NULL),
(58, '2026-01-27 16:50:13.729353', 24000, NULL, 3, 'TC-260100036', b'0', 'UNPAID', NULL, NULL, NULL, NULL, NULL, NULL, NULL),
(59, '2026-01-27 16:53:35.121152', 16000, NULL, 3, 'TC-260100037', b'0', 'UNPAID', NULL, NULL, NULL, NULL, NULL, NULL, NULL),
(60, '2026-01-27 16:54:49.876079', 24000, 5, 3, 'TC-260100038', b'0', 'UNPAID', NULL, NULL, NULL, NULL, NULL, NULL, NULL),
(61, '2026-01-27 16:55:01.742781', 45000, 5, 3, 'TC-260100039', b'0', 'PAID', NULL, NULL, NULL, NULL, NULL, NULL, NULL),
(63, '2026-01-27 20:21:29.822212', 29000, NULL, 3, 'TC-260100040', b'0', 'PAID', NULL, NULL, NULL, NULL, NULL, NULL, NULL),
(68, '2026-01-27 20:21:36.319959', 29000, NULL, 3, 'TC-260100041', b'0', 'PAID', NULL, NULL, NULL, NULL, NULL, NULL, NULL),
(70, '2026-01-27 20:21:48.359034', 30000, NULL, 3, 'TC-260100042', b'0', 'PAID', NULL, NULL, NULL, NULL, NULL, NULL, NULL),
(71, '2026-01-27 20:23:03.745309', 64000, NULL, 3, 'TC-260100043', b'0', 'UNPAID', NULL, NULL, NULL, NULL, NULL, NULL, NULL),
(72, '2026-01-27 20:40:51.451489', 39000, NULL, 3, 'TC-260100044', b'0', 'PAID', NULL, NULL, NULL, NULL, NULL, NULL, NULL),
(73, '2026-01-27 21:04:15.953161', 0, NULL, 3, 'TC-260100045', b'0', 'PAID', NULL, NULL, NULL, NULL, NULL, NULL, NULL),
(74, '2026-01-28 03:36:51.260162', 0, 5, 3, 'TC-260100046', b'0', 'PAID', NULL, NULL, NULL, NULL, NULL, NULL, NULL),
(75, '2026-01-28 03:37:45.595003', 399000, 5, 3, 'TC-260100047', b'0', 'PAID', NULL, NULL, NULL, NULL, NULL, NULL, NULL),
(76, '2026-01-28 03:43:12.591808', 7000, 5, 3, 'TC-260100048', b'0', 'PAID', NULL, NULL, NULL, NULL, NULL, NULL, NULL),
(82, '2026-01-28 03:43:17.018911', 7000, 5, 3, 'TC-260100049', b'0', 'PAID', NULL, NULL, NULL, NULL, NULL, NULL, NULL),
(88, '2026-01-28 03:43:19.392535', 27000, 5, 3, 'TC-260100050', b'0', 'PAID', NULL, NULL, NULL, NULL, NULL, NULL, NULL),
(90, '2026-01-28 13:02:22.197061', 0, NULL, 3, 'TC-260100051', b'0', 'PAID', NULL, NULL, NULL, NULL, NULL, NULL, NULL),
(96, '2026-01-28 13:02:25.350258', 0, NULL, 3, 'TC-260100052', b'0', 'PAID', NULL, NULL, NULL, NULL, NULL, NULL, NULL),
(102, '2026-01-28 13:02:26.847144', 0, NULL, 3, 'TC-260100053', b'0', 'PAID', NULL, NULL, NULL, NULL, NULL, NULL, NULL),
(104, '2026-01-28 13:19:18.982386', 36000, NULL, 3, 'TC-260100054', b'0', 'PAID', NULL, NULL, NULL, NULL, NULL, NULL, NULL),
(105, '2026-01-28 14:24:52.603293', 40000, NULL, 3, 'TC-260100055', b'0', 'PAID', NULL, NULL, NULL, NULL, NULL, NULL, NULL);

-- --------------------------------------------------------

--
-- Table structure for table `order_items`
--

CREATE TABLE `order_items` (
  `id` bigint NOT NULL,
  `price` decimal(15,2) NOT NULL,
  `quantity` int NOT NULL,
  `order_id` bigint NOT NULL,
  `product_id` bigint NOT NULL
) ENGINE=InnoDB DEFAULT CHARSET=utf8mb4 COLLATE=utf8mb4_0900_ai_ci;

--
-- Dumping data for table `order_items`
--

INSERT INTO `order_items` (`id`, `price`, `quantity`, `order_id`, `product_id`) VALUES
(1, 550000.00, 1, 1, 120),
(2, 320000.00, 1, 2, 56),
(3, 15000.00, 150, 3, 4),
(4, 15000.00, 100, 4, 4),
(5, 30000.00, 1, 5, 12),
(6, 15000.00, 1, 5, 10),
(7, 15000.00, 150, 6, 4),
(8, 10000.00, 1, 7, 1),
(9, 10000.00, 1, 8, 1),
(10, 10000.00, 1, 9, 1),
(11, 10000.00, 1, 10, 1),
(12, 10000.00, 2, 11, 1),
(13, 12000.00, 1, 11, 2),
(14, 10000.00, 1, 12, 1),
(15, 10000.00, -1, 13, 1),
(16, 12000.00, 1, 13, 2),
(17, 10000.00, 1, 14, 1),
(18, 15000.00, 1, 14, 4),
(19, 20000.00, 1, 14, 8),
(20, 10000.00, 2, 15, 1),
(21, 15000.00, 1, 15, 4),
(22, 20000.00, 1, 15, 8),
(23, 20000.00, 1, 17, 8),
(24, 10000.00, 1, 17, 1),
(25, 15000.00, 1, 17, 10),
(26, 20000.00, 1, 18, 8),
(27, 10000.00, 1, 18, 1),
(28, 15000.00, 1, 18, 10),
(29, 15000.00, 1, 19, 10),
(30, 20000.00, 1, 19, 8),
(31, 15000.00, 1, 19, 4),
(32, 10000.00, 1, 20, 1),
(33, 20000.00, 1, 20, 8),
(34, 20000.00, 1, 21, 8),
(35, 10000.00, 1, 21, 1),
(36, 15000.00, 1, 21, 10),
(37, 20000.00, 1, 22, 8),
(38, 10000.00, 1, 22, 1),
(39, 15000.00, 1, 22, 10),
(40, 15000.00, 1, 23, 10),
(41, 20000.00, 1, 23, 8),
(42, 10000.00, 1, 23, 1),
(43, 20000.00, 2, 24, 8),
(44, 15000.00, 1, 24, 10),
(45, 15000.00, 1, 25, 4),
(46, 10000.00, 1, 25, 1),
(47, 20000.00, 1, 25, 8),
(48, 15000.00, 1, 26, 4),
(49, 18000.00, 1, 26, 9),
(50, 20000.00, 1, 26, 8),
(51, 10000.00, 1, 27, 1),
(52, 20000.00, 1, 27, 8),
(53, 15000.00, 1, 27, 10),
(54, 10000.00, 1, 28, 1),
(55, 20000.00, 1, 28, 8),
(56, 15000.00, 1, 28, 4),
(57, 70000.00, 1, 29, 149),
(58, 70000.00, 1, 30, 149),
(59, 18000.00, 1, 31, 8),
(60, 13000.00, 1, 31, 10),
(61, 16000.00, 4, 32, 9),
(62, 9990.00, 1, 32, 1),
(63, 18000.00, 1, 32, 8),
(64, 14985.00, 7, 32, 4),
(65, 4995.00, 1, 32, 3),
(66, 319680.00, 5, 33, 56),
(67, 319680.00, 14, 34, 56),
(68, 400000.00, 14, 35, 112),
(69, 18000.00, 1, 36, 8),
(70, 13000.00, 2, 36, 10),
(71, 4995.00, 2, 37, 3),
(72, 9990.00, 2, 37, 5),
(73, 10000.00, 1, 38, 1),
(74, 20000.00, 1, 38, 8),
(75, 15000.00, 2, 38, 4),
(76, 15000.00, 1, 38, 10),
(77, 35000.00, 7, 39, 7),
(78, 400000.00, 1, 39, 112),
(79, 150000.00, 1, 39, 33),
(80, 4000.00, 3, 40, 3),
(81, 4000.00, 1, 40, 3),
(82, 8000.00, 3, 40, 5),
(83, 8000.00, 1, 40, 5),
(84, 4000.00, 3, 41, 3),
(85, 4000.00, 1, 41, 3),
(86, 8000.00, 2, 41, 1),
(87, 0.00, 3, 42, 3),
(88, 0.00, 1, 42, 3),
(89, 35000.00, 3, 42, 23),
(90, 35000.00, 1, 42, 23),
(91, 35000.00, 1, 42, 20),
(92, 0.00, 3, 43, 5),
(93, 0.00, 1, 43, 5),
(94, 0.00, 3, 43, 3),
(95, 0.00, 1, 43, 3),
(96, 0.00, 3, 45, 3),
(97, 0.00, 1, 45, 3),
(98, 0.00, 3, 45, 5),
(99, 0.00, 1, 45, 5),
(100, 0.00, 3, 46, 5),
(101, 0.00, 1, 46, 5),
(102, 0.00, 3, 46, 3),
(103, 0.00, 1, 46, 3),
(104, 12000.00, 1, 46, 4),
(105, 8000.00, 1, 46, 1),
(106, 8000.00, 1, 47, 1),
(107, 20000.00, 1, 47, 8),
(108, 15000.00, 1, 47, 10),
(109, 0.00, 4, 47, 3),
(110, 8000.00, 3, 53, 1),
(111, 8000.00, 4, 54, 1),
(112, 0.00, 4, 54, 3),
(113, 8000.00, 4, 56, 1),
(114, 0.00, 4, 56, 3),
(115, 8000.00, 3, 57, 1),
(116, 8000.00, 3, 58, 1),
(117, 8000.00, 2, 59, 1),
(118, 8000.00, 3, 60, 1),
(119, 15000.00, 3, 61, 10),
(120, 9000.00, 1, 63, 10),
(121, 10000.00, 2, 63, 1),
(122, 0.00, 3, 63, 3),
(123, 0.00, 1, 63, 3),
(124, 9000.00, 1, 68, 10),
(125, 10000.00, 2, 68, 1),
(126, 0.00, 3, 68, 3),
(127, 0.00, 1, 68, 3),
(128, 10000.00, 3, 70, 1),
(129, 0.00, 3, 70, 3),
(130, 0.00, 1, 70, 3),
(131, 6000.00, 3, 71, 36),
(132, 6000.00, 1, 71, 36),
(133, 10000.00, 4, 71, 1),
(134, 10000.00, 3, 72, 1),
(135, 9000.00, 1, 72, 10),
(136, 0.00, 13, 72, 3),
(137, 0.00, 4, 72, 3),
(138, 0.00, 3, 73, 3),
(139, 0.00, 3, 74, 3),
(140, 0.00, 1, 74, 3),
(141, 0.00, 3, 75, 3),
(142, 399000.00, 1, 75, 155),
(143, 0.00, 1, 75, 3),
(144, 9000.00, 3, 76, 1),
(145, 9000.00, 3, 82, 1),
(146, 9000.00, 3, 88, 1),
(147, 0.00, 4, 90, 3),
(148, 0.00, 1, 90, 3),
(149, 0.00, 4, 96, 3),
(150, 0.00, 1, 96, 3),
(151, 0.00, 4, 102, 3),
(152, 0.00, 1, 102, 3),
(153, 0.00, 3, 104, 3),
(154, 0.00, 1, 104, 3),
(155, 9000.00, 4, 104, 1),
(156, 20000.00, 2, 105, 8);

-- --------------------------------------------------------

--
-- Table structure for table `payments`
--

CREATE TABLE `payments` (
  `id` bigint NOT NULL,
  `amount` decimal(15,2) NOT NULL,
  `method` varchar(50) NOT NULL,
  `paid_at` datetime(6) DEFAULT NULL,
  `order_id` bigint NOT NULL,
  `status` varchar(20) DEFAULT NULL,
  `token` varchar(100) DEFAULT NULL
) ENGINE=InnoDB DEFAULT CHARSET=utf8mb4 COLLATE=utf8mb4_0900_ai_ci;

--
-- Dumping data for table `payments`
--

INSERT INTO `payments` (`id`, `amount`, `method`, `paid_at`, `order_id`, `status`, `token`) VALUES
(1, 550000.00, 'CASH', '2026-01-02 09:16:42.739274', 1, NULL, NULL),
(2, 320000.00, 'CASH', '2026-01-02 09:19:05.623705', 2, NULL, NULL),
(3, 2250000.00, 'TRANSFER', '2026-01-02 14:55:51.725391', 3, NULL, NULL),
(4, 1500000.00, 'TRANSFER', '2026-01-02 14:56:25.557417', 4, NULL, NULL),
(5, 45000.00, 'CASH', '2026-01-07 15:19:34.559517', 5, NULL, NULL),
(6, 2250000.00, 'TRANSFER', '2026-01-08 22:39:05.270491', 6, 'PAID', NULL),
(7, 10000.00, 'CASH', '2026-01-11 22:12:48.313454', 7, 'PAID', NULL),
(9, 10000.00, 'CASH', '2026-01-11 22:29:34.665095', 9, 'PAID', NULL),
(10, 10000.00, 'CASH', '2026-01-11 22:29:34.732654', 10, 'PAID', NULL),
(11, 32000.00, 'CASH', '2026-01-11 23:07:46.048339', 11, 'PAID', NULL),
(12, 10000.00, 'CASH', '2026-01-11 23:07:46.333425', 12, 'PAID', NULL),
(13, 2000.00, 'CASH', '2026-01-11 23:07:46.357445', 13, 'PAID', NULL),
(14, 45000.00, 'CASH', '2026-01-13 22:08:30.148978', 14, 'PAID', NULL),
(15, 45000.00, 'TRANSFER', '2026-01-14 00:53:17.377350', 18, 'PAID', 'SAMPLE-Z6Q2WK77 (m? t??ng tr?ng)'),
(16, 50000.00, 'TRANSFER', '2026-01-14 00:54:29.125996', 19, 'PAID', 'SAMPLE-95QTC1KR (m? t??ng tr?ng)'),
(17, 30000.00, 'CARD', '2026-01-14 00:55:10.178100', 20, 'PAID', NULL),
(18, 45000.00, 'CASH', '2026-01-14 00:58:57.308415', 21, 'PAID', NULL),
(19, 45000.00, 'CASH', '2026-01-14 00:59:07.821010', 22, 'PAID', NULL),
(20, 45000.00, 'CASH', '2026-01-14 01:06:37.524404', 23, 'PAID', NULL),
(21, 55000.00, 'CASH', '2026-01-14 01:12:22.095110', 24, 'PAID', NULL),
(22, 45000.00, 'CASH', '2026-01-14 01:23:16.411871', 25, 'PAID', NULL),
(23, 53000.00, 'CASH', '2026-01-14 01:26:59.931249', 26, 'PAID', NULL),
(24, 45000.00, 'CASH', '2026-01-14 01:30:05.750180', 27, 'PAID', NULL),
(25, 45000.00, 'CASH', '2026-01-14 01:43:12.145347', 28, 'PAID', NULL),
(26, 70000.00, 'CASH', '2026-01-14 15:13:15.109593', 30, 'PAID', NULL),
(27, 31000.00, 'CASH', '2026-01-14 15:22:50.248356', 31, 'PAID', NULL),
(28, 201880.00, 'CASH', '2026-01-15 23:21:47.016236', 32, 'PAID', NULL),
(29, 1598400.00, 'TRANSFER', '2026-01-15 23:30:27.433785', 33, 'PAID', 'SAMPLE-TTWG1H0S (m? t??ng tr?ng)'),
(30, 4475520.00, 'CASH', '2026-01-15 23:32:14.174223', 34, 'PAID', NULL),
(31, 5600000.00, 'CASH', '2026-01-15 23:39:21.511886', 35, 'PAID', NULL),
(32, 44000.00, 'CASH', '2026-01-21 16:39:44.869910', 36, 'PAID', NULL),
(33, 29970.00, 'TRANSFER', '2026-01-21 16:52:52.961994', 37, 'PAID', 'SAMPLE-HLKHMF9F (m? t??ng tr?ng)'),
(34, 75000.00, 'CASH', '2026-01-25 01:40:19.782717', 38, 'PAID', NULL),
(35, 795000.00, 'CASH', '2026-01-25 01:42:09.539972', 39, 'PAID', NULL),
(36, 48000.00, 'CASH', '2026-01-25 21:17:21.619775', 40, 'PAID', NULL),
(37, 32000.00, 'CASH', '2026-01-25 21:34:39.466296', 41, 'PAID', NULL),
(38, 175000.00, 'CASH', '2026-01-25 21:40:32.612196', 42, 'PAID', NULL),
(39, 0.00, 'CASH', '2026-01-25 23:08:13.171431', 43, 'PAID', NULL),
(40, 0.00, 'CASH', '2026-01-25 23:09:53.946665', 45, 'PAID', NULL),
(41, 20000.00, 'CASH', '2026-01-25 23:10:15.525879', 46, 'PAID', NULL),
(42, 43000.00, 'CASH', '2026-01-27 15:57:47.862790', 47, 'PAID', NULL),
(43, 24000.00, 'CASH', '2026-01-27 15:57:56.291453', 53, 'PAID', NULL),
(44, 32000.00, 'CASH', '2026-01-27 16:34:25.453763', 54, 'PAID', NULL),
(45, 32000.00, 'CASH', '2026-01-27 16:49:38.926849', 56, 'PAID', NULL),
(46, 24000.00, 'CARD', '2026-01-27 16:50:03.573316', 57, 'PAID', NULL),
(47, 45000.00, 'CASH', '2026-01-27 16:55:01.940969', 61, 'PAID', NULL),
(48, 29000.00, 'CASH', '2026-01-27 20:21:36.099338', 63, 'PAID', NULL),
(49, 29000.00, 'CASH', '2026-01-27 20:21:36.718524', 68, 'PAID', NULL),
(50, 30000.00, 'CASH', '2026-01-27 20:21:48.561320', 70, 'PAID', NULL),
(51, 39000.00, 'CASH', '2026-01-27 20:40:51.968874', 72, 'PAID', NULL),
(52, 0.00, 'CASH', '2026-01-27 21:04:16.305284', 73, 'PAID', NULL),
(53, 0.00, 'CASH', '2026-01-28 03:36:52.487518', 74, 'PAID', NULL),
(54, 399000.00, 'CASH', '2026-01-28 03:37:46.070006', 75, 'PAID', NULL),
(55, 7000.00, 'CASH', '2026-01-28 03:43:16.350996', 76, 'PAID', NULL),
(56, 7000.00, 'CASH', '2026-01-28 03:43:19.128499', 82, 'PAID', NULL),
(57, 27000.00, 'CASH', '2026-01-28 03:43:20.293484', 88, 'PAID', NULL),
(58, 0.00, 'CASH', '2026-01-28 13:02:24.437936', 90, 'PAID', NULL),
(59, 0.00, 'CASH', '2026-01-28 13:02:26.641935', 96, 'PAID', NULL),
(60, 0.00, 'CASH', '2026-01-28 13:02:27.636936', 102, 'PAID', NULL),
(61, 36000.00, 'CASH', '2026-01-28 13:19:19.359831', 104, 'PAID', NULL),
(62, 40000.00, 'CASH', '2026-01-28 14:24:53.501452', 105, 'PAID', NULL);

--
-- Indexes for dumped tables
--

--
-- Indexes for table `orders`
--
ALTER TABLE `orders`
  ADD PRIMARY KEY (`id`),
  ADD UNIQUE KEY `UK_9euhgrj490gy02d8abquh7jvu` (`invoice_number`),
  ADD KEY `FKpxtb8awmi0dk6smoh2vp1litg` (`customer_id`),
  ADD KEY `FK32ql8ubntj5uh44ph9659tiih` (`user_id`),
  ADD KEY `FKakl1p7xiogdupq1376fttx2xc` (`parent_order_id`);

--
-- Indexes for table `order_items`
--
ALTER TABLE `order_items`
  ADD PRIMARY KEY (`id`),
  ADD KEY `FKbioxgbv59vetrxe0ejfubep1w` (`order_id`),
  ADD KEY `FKocimc7dtr037rh4ls4l95nlfi` (`product_id`);

--
-- Indexes for table `payments`
--
ALTER TABLE `payments`
  ADD PRIMARY KEY (`id`),
  ADD KEY `FK81gagumt0r8y3rmudcgpbk42l` (`order_id`);

--
-- AUTO_INCREMENT for dumped tables
--

--
-- AUTO_INCREMENT for table `orders`
--
ALTER TABLE `orders`
  MODIFY `id` bigint NOT NULL AUTO_INCREMENT, AUTO_INCREMENT=106;

--
-- AUTO_INCREMENT for table `order_items`
--
ALTER TABLE `order_items`
  MODIFY `id` bigint NOT NULL AUTO_INCREMENT, AUTO_INCREMENT=157;

--
-- AUTO_INCREMENT for table `payments`
--
ALTER TABLE `payments`
  MODIFY `id` bigint NOT NULL AUTO_INCREMENT, AUTO_INCREMENT=63;

--
-- Constraints for dumped tables
--

--
-- Constraints for table `orders`
--
ALTER TABLE `orders`
  ADD CONSTRAINT `FKakl1p7xiogdupq1376fttx2xc` FOREIGN KEY (`parent_order_id`) REFERENCES `orders` (`id`);

--
-- Constraints for table `order_items`
--
ALTER TABLE `order_items`
  ADD CONSTRAINT `FKbioxgbv59vetrxe0ejfubep1w` FOREIGN KEY (`order_id`) REFERENCES `orders` (`id`);

--
-- Constraints for table `payments`
--
ALTER TABLE `payments`
  ADD CONSTRAINT `FK81gagumt0r8y3rmudcgpbk42l` FOREIGN KEY (`order_id`) REFERENCES `orders` (`id`);
COMMIT;

/*!40101 SET CHARACTER_SET_CLIENT=@OLD_CHARACTER_SET_CLIENT */;
/*!40101 SET CHARACTER_SET_RESULTS=@OLD_CHARACTER_SET_RESULTS */;
/*!40101 SET COLLATION_CONNECTION=@OLD_COLLATION_CONNECTION */;
